{"cameraMode":{"drawMode":0,"name":"Shaded","section":"Shading Mode"},"sceneLighting":false,"audioPlay":false,"sceneViewState":{"showFog":true,"showMaterialUpdate":false,"showSkybox":true,"showFlares":true,"showImageEffects":true,"showParticleSystems":true},"in2DMode":false,"pivot":{"x":0.32212600111961367,"y":0.5715296268463135,"z":-0.6119138598442078},"rotation":{"x":-0.6042513847351074,"y":-0.09966752678155899,"z":0.076541468501091,"w":-0.7868215441703796},"size":11.405595779418946,"orthographic":false}